fold,realmlp_weight_learned_on_other_folds,meta_train_balanced_accuracy,eval_balanced_accuracy
0,0.61,0.9505494370944939,0.95114094374347
1,0.61,0.95019799657877,0.952546647335106
2,0.58,0.9508292985171543,0.9499958343670883
3,0.61,0.950751480569914,0.9503327540351424
4,0.6,0.9510259776735864,0.9492086233160575
