model,slice,rows,balanced_accuracy,error_rate
experiment_007_hgbc,sleep_missing,75999,0.8619390010627903,0.23418729193805182
experiment_007_hgbc,sleep_present,614089,0.9611134991041167,0.03796029565746985
realmlp,sleep_missing,75999,0.8630599795082171,0.24563481098435505
realmlp,sleep_present,614089,0.9613580824066482,0.03826481177809731
hgbc_realmlp_crossfit_blend,sleep_missing,75999,0.8634643319830232,0.24134528085895868
hgbc_realmlp_crossfit_blend,sleep_present,614089,0.9614316909263776,0.03792447023151367
