model,segment,rows,balanced_accuracy,error_rate
experiment_007_hgbc_te,sleep_missing,75999,0.8619390010627903,0.23418729193805182
experiment_007_hgbc_te,sleep_present,614089,0.9611134991041167,0.03796029565746985
source_prior_features,sleep_missing,75999,0.862273613683946,0.23914788352478322
source_prior_features,sleep_present,614089,0.9609724532332099,0.03737406141455066
source_augmented,sleep_missing,75999,0.86169808618113,0.23897682864248213
source_augmented,sleep_present,614089,0.9605655255149063,0.037427799553484915
