model,oof_balanced_accuracy,oof_accuracy,oof_errors,recall_unhealthy,recall_at-risk,recall_fit
experiment_007_hgbc_te,0.9501960945293879,0.9404293365483822,41109,0.9634640704039914,0.9375726718430676,0.949551541341105
source_prior_features,0.9501057746740198,0.9404047020090192,41126,0.9633254798697249,0.9375659214831891,0.9494259226691455
source_augmented,0.9496803763479731,0.9403757201980038,41146,0.9628577368165754,0.937636800261914,0.9485465919654298
