fold,rows,base_balanced_accuracy,corrected_balanced_accuracy,delta,unhealthy_multiplier,at_risk_multiplier,fit_multiplier
0,138018,0.9499071756802628,0.94992999840035,2.2822720087134485e-05,1.0949999999999926,1.0,0.9724999999999953
1,138018,0.9514604322477282,0.9512604570310663,-0.00019997521666192952,1.0949999999999926,1.0,0.9899999999999949
2,138018,0.9490996365811907,0.94912139428676,2.1757705569336316e-05,1.0924999999999927,1.0,0.9899999999999949
3,138017,0.9490529164719502,0.9491594755053924,0.00010655903344214401,1.0949999999999926,1.0,0.9899999999999949
4,138017,0.947673388817762,0.9480247459717482,0.00035135715398626477,1.0899999999999928,1.0,0.9974999999999947
