pass,class,multiplier,train_score
0,unhealthy,1.0949999999999926,0.9495429287096963
0,fit,0.9899999999999949,0.949549891746988
1,unhealthy,1.0949999999999926,0.949549891746988
1,fit,0.9899999999999949,0.949549891746988
