config,cv_mean_balanced_accuracy,cv_std_balanced_accuracy,oof_balanced_accuracy,oof_accuracy,oof_errors,oof_recall_unhealthy,oof_recall_at-risk,oof_recall_fit
preimputed,0.9355151244272057,0.0015309409368974868,0.9355151776687047,0.9362443630377575,43997,0.9420345090430323,0.9362141619175073,0.9282968620455745
native_nan,0.9464572918125163,0.0015541226597432635,0.9464573701141129,0.947415402093646,36288,0.9500207885801399,0.9475378906137933,0.9418134311484059
