model,oof_balanced_accuracy,oof_accuracy,oof_errors,recall_unhealthy,recall_at-risk,recall_fit
experiment_007_hgbc,0.9501960945293879,0.9404293365483822,41109,0.9634640704039914,0.9375726718430676,0.949551541341105
realmlp,0.9505148624111879,0.9389686532732058,42117,0.965317718799806,0.9356201302481939,0.9506067381855638
hgbc_realmlp_crossfit_blend,0.9506359211775083,0.939830862150914,41522,0.9648153281130899,0.9366866871090065,0.9504057483104289
