fold,right_weight,meta_balanced_accuracy,heldout_balanced_accuracy
0,0.55,0.950508574608739,0.9512103639161441
1,0.68,0.9502125677723624,0.9524139622620825
2,0.68,0.9507594379557768,0.9502265871211186
3,0.46,0.9508066535982582,0.9499053683337227
4,0.64,0.9510377546884703,0.9491551833277581
