true_label,rows,errors,error_rate,mean_confidence
unhealthy,11545,421,0.0364660025985275,0.9513228999101202
at-risk,118512,7318,0.061749021196165786,0.9224088486706096
fit,7961,409,0.05137545534480593,0.9644542696982942
