missing_count,rows,errors,error_rate,mean_confidence
0,69986,780,0.011145086160089161,0.9469625895715639
1,49501,4267,0.08620027878224683,0.920941708171981
2,15510,2452,0.1580915538362347,0.8779923920327509
3,2691,561,0.2084726867335563,0.8322365220681432
4,310,82,0.2645161290322581,0.7880971468550784
5,17,6,0.35294117647058826,0.7017373904043507
6,3,0,0.0,0.8171239099187245
