feature,lower,upper,outlier_n
sleep_duration,1.2100000000000017,12.759999999999998,0
heart_rate,35.500000000000014,114.6,0
bmi,11.3,34.68,0
calorie_expenditure,837.0,3672.0,0
step_count,-14786.0,32289.0,0
exercise_duration,-31.399999999999995,110.0,0
water_intake,-0.09999999999999964,4.449999999999999,2
