fold,beta_learned_on_other_folds,meta_train_balanced_accuracy,eval_balanced_accuracy
0,1.0,0.950114366166405,0.9507572473280104
1,1.0,0.9497052213683129,0.9523937786702268
2,1.0,0.9503970473043625,0.9496265883206391
3,1.0,0.9503613560295031,0.9497692723902388
4,0.95,0.9506754031699588,0.9479912242435443
