fold,rows,balanced_accuracy,n_iter
0,138018,0.9507141590550025,100
1,138018,0.9518097832977442,87
2,138018,0.9495147600517861,98
3,138017,0.9498809957620754,93
4,138017,0.9490605243106601,110
