model,segment,rows,error_rate,balanced_accuracy
experiment_004_base,sleep_missing,75999,0.23297674969407492,0.858892259758527
experiment_004_base,sleep_present,614089,0.03819804621154263,0.9606379502275494
hgbc_exact_value_te,sleep_missing,75999,0.23418729193805182,0.8619390010627903
hgbc_exact_value_te,sleep_present,614089,0.03796029565746985,0.9611134991041167
crossfit_blend,sleep_missing,75999,0.23395044671640416,0.8618414114344414
crossfit_blend,sleep_present,614089,0.038014033796404105,0.9610750734598916
