fold,route_rows,alpha,catboost_weight,xgboost_weight,lightgbm_weight,base_route_balanced_accuracy,routed_route_balanced_accuracy,route_delta,base_global_balanced_accuracy,routed_global_balanced_accuracy,global_delta
0,1867,0.1,1.0,0.0,0.0,0.6594421127255402,0.6573189704750094,-0.002123142250530785,0.9499071756802628,0.949878303152473,-2.8872527789824964e-05
1,1791,0.8,1.0,0.0,0.0,0.6711784397521479,0.6380701912217376,-0.03310824853041028,0.9514604322477282,0.9510096169572528,-0.0004508152904754148
2,1751,0.1,1.0,0.0,0.0,0.6446703076613355,0.6472233841651115,0.0025530765037760084,0.9490996365811907,0.9491313217636765,3.168518248586327e-05
3,1823,0.1,1.0,0.0,0.0,0.6175104731334301,0.6213706477410273,0.0038601746075972443,0.9490529164719502,0.9491022235634418,4.9307091491535004e-05
4,1781,0.1,1.0,0.0,0.0,0.6641898120470403,0.6643996343537744,0.00020982230673405322,0.947673388817762,0.9476758880311792,2.499213417217483e-06
